Job_ID,Job_Title,Industry,Location,Experience_Level,Education,Employment_Type,Posting_Year,Salary_INR_Annual,Demand_Score,Skills
37,Cybersecurity Analyst,Healthcare,Mumbai,5-8,Any Degree,Internship,2026,959496.0,74,"Cybersecurity, Linux, Python, Machine Learning, Figma, React"
40,Cloud Engineer,Manufacturing,Pune,2-5,Diploma,Contract,2026,1060241.0,77,"AWS, Linux, Docker, Power BI, Deep Learning, Tableau"
44,Data Analyst,Telecom,Visakhapatnam,5-8,Master's Degree,Contract,2026,549583.0,75,"Excel, Python, SQL, Linux, Machine Learning, Django"
57,AI Engineer,Healthcare,Pune,8+,Diploma,Full-time,2024,1982949.0,74,"Python, Deep Learning, TensorFlow, Spring Boot, Project Management, PyTorch"
79,Cybersecurity Analyst,IT Services,Bengaluru,5-8,Any Degree,Internship,2025,927539.0,79,"Cybersecurity, Linux, Python, Azure, Java, HTML/CSS"
89,Data Scientist,Banking,Bengaluru,0-2,Diploma,Internship,2026,570440.0,77,"Python, SQL, Machine Learning, Django, JavaScript, Azure"
96,Data Analyst,Consulting,Bengaluru,0-2,Master's Degree,Full-time,2026,387080.0,82,"Excel, Python, SQL, Deep Learning, Java, AWS"
100,AI Engineer,FinTech,Delhi NCR,8+,Diploma,Contract,2026,2160427.0,77,"Python, Deep Learning, TensorFlow, Agile, Excel, Git"
136,Data Scientist,Telecom,Hyderabad,2-5,Bachelor's Degree,Full-time,2025,1035836.0,77,"Python, SQL, Machine Learning, JavaScript, Selenium, Communication"
139,AI Engineer,Banking,Hyderabad,8+,Master's Degree,Full-time,2025,1964371.0,78,"Python, Deep Learning, TensorFlow, Selenium, Git, Problem Solving"
148,Data Scientist,Consulting,Pune,8+,Diploma,Contract,2026,1461206.0,73,"Python, SQL, Machine Learning, Selenium, JavaScript, Kubernetes"
157,Cybersecurity Analyst,IT Services,Gurugram,0-2,Bachelor's Degree,Internship,2025,673969.0,78,"Cybersecurity, Linux, Python, Django, Git, Project Management"
167,Cybersecurity Analyst,IT Services,Bengaluru,0-2,Any Degree,Full-time,2025,658536.0,83,"Cybersecurity, Linux, Python, Docker, Git, Machine Learning"
188,AI Engineer,Banking,Delhi NCR,5-8,Bachelor's Degree,Internship,2026,1502526.0,72,"Python, Deep Learning, TensorFlow, Kubernetes, PyTorch, Machine Learning"
220,Cybersecurity Analyst,E-commerce,Hyderabad,2-5,Any Degree,Contract,2025,733247.0,81,"Cybersecurity, Linux, Python, Azure, Spring Boot, Java"
239,Cybersecurity Analyst,Healthcare,Bengaluru,0-2,Bachelor's Degree,Contract,2026,452324.0,79,"Cybersecurity, Linux, Python, Selenium, Spring Boot, Power BI"
275,AI Engineer,EdTech,Hyderabad,0-2,Master's Degree,Full-time,2026,769397.0,76,"Python, Deep Learning, TensorFlow, Figma, JavaScript, Selenium"
278,Data Analyst,E-commerce,Chennai,8+,Any Degree,Internship,2025,853130.0,73,"Excel, Python, SQL, Kubernetes, Statistics, Linux"
292,Data Scientist,SaaS,Pune,2-5,Bachelor's Degree,Internship,2024,953308.0,71,"Python, SQL, Machine Learning, Git, Figma, Linux"
305,Data Scientist,Banking,Mumbai,5-8,Diploma,Full-time,2026,1180099.0,73,"Python, SQL, Machine Learning, Communication, JavaScript, Kubernetes"
315,Data Scientist,FinTech,Pune,8+,Any Degree,Contract,2026,1640679.0,82,"Python, SQL, Machine Learning, Communication, Deep Learning, React"
316,Data Analyst,Consulting,Pune,8+,Bachelor's Degree,Internship,2026,732206.0,73,"Excel, Python, SQL, Java, Docker, Figma"
323,Cybersecurity Analyst,Manufacturing,Kochi,0-2,Bachelor's Degree,Contract,2025,393733.0,71,"Cybersecurity, Linux, Python, JavaScript, Deep Learning, Java"
327,Cloud Engineer,Telecom,Mumbai,8+,Diploma,Internship,2025,1741439.0,74,"AWS, Linux, Docker, Tableau, Machine Learning, Selenium"
332,Cybersecurity Analyst,Telecom,Bengaluru,5-8,Master's Degree,Internship,2026,1109749.0,71,"Cybersecurity, Linux, Python, Excel, SQL, Problem Solving"
339,Cybersecurity Analyst,EdTech,Chennai,2-5,Bachelor's Degree,Full-time,2023,871488.0,70,"Cybersecurity, Linux, Python, Agile, PyTorch, SQL"
361,Cybersecurity Analyst,Healthcare,Hyderabad,8+,Master's Degree,Internship,2026,1360190.0,76,"Cybersecurity, Linux, Python, JavaScript, HTML/CSS, Statistics"
368,AI Engineer,E-commerce,Gurugram,8+,Master's Degree,Internship,2025,1976133.0,70,"Python, Deep Learning, TensorFlow, Git, Spring Boot, Kubernetes"
429,Cloud Engineer,E-commerce,Visakhapatnam,5-8,Bachelor's Degree,Contract,2025,1323138.0,73,"AWS, Linux, Docker, Power BI, C++, Deep Learning"
440,Cloud Engineer,EdTech,Bengaluru,8+,,Full-time,2023,1540225.0,75,"AWS, Linux, Docker, Selenium, TensorFlow, Problem Solving"
445,Data Scientist,E-commerce,Kochi,8+,Master's Degree,Contract,2026,1427132.0,76,"Python, SQL, Machine Learning, PyTorch, Java, React"
468,Cybersecurity Analyst,EdTech,Visakhapatnam,2-5,Bachelor's Degree,Full-time,2026,588697.0,70,"Cybersecurity, Linux, Python, Figma, Excel, Tableau"
476,Data Scientist,Healthcare,Hyderabad,0-2,Diploma,Contract,2024,727123.0,72,"Python, SQL, Machine Learning, Communication, JavaScript, Deep Learning"
478,Data Analyst,Manufacturing,Visakhapatnam,5-8,Diploma,Full-time,2026,478723.0,75,"Excel, Python, SQL, Django, Tableau, Power BI"
486,Cybersecurity Analyst,IT Services,Pune,5-8,Bachelor's Degree,Internship,2025,838425.0,81,"Cybersecurity, Linux, Python, Deep Learning, Django, JavaScript"
502,Cybersecurity Analyst,IT Services,Noida,5-8,Master's Degree,Full-time,2023,844137.0,70,"Cybersecurity, Linux, Python, Machine Learning, Agile, Git"
503,Data Scientist,Healthcare,Noida,8+,Bachelor's Degree,Internship,2025,1668938.0,73,"Python, SQL, Machine Learning, Figma, Problem Solving, AWS"
517,Cloud Engineer,Healthcare,Hyderabad,8+,Bachelor's Degree,Contract,2026,1767409.0,78,"AWS, Linux, Docker, Excel, TensorFlow, Spring Boot"
533,Cybersecurity Analyst,E-commerce,Bengaluru,8+,Diploma,Full-time,2025,1386864.0,80,"Cybersecurity, Linux, Python, Spring Boot, JavaScript, Communication"
542,Cybersecurity Analyst,Manufacturing,Gurugram,8+,Master's Degree,Internship,2025,1126534.0,71,"Cybersecurity, Linux, Python, Azure, Selenium, C++"
558,Data Scientist,EdTech,Hyderabad,8+,Master's Degree,Internship,2026,1485083.0,77,"Python, SQL, Machine Learning, Selenium, Agile, Docker"
566,Cybersecurity Analyst,Consulting,Pune,5-8,Any Degree,Internship,2026,1034716.0,81,"Cybersecurity, Linux, Python, Deep Learning, Agile, Tableau"
567,AI Engineer,Consulting,Visakhapatnam,2-5,Any Degree,Internship,2026,1142005.0,76,"Python, Deep Learning, TensorFlow, AWS, C++, Machine Learning"
570,Cybersecurity Analyst,EdTech,Hyderabad,5-8,Any Degree,Contract,2024,831213.0,71,"Cybersecurity, Linux, Python, Figma, Azure, Django"
577,Cybersecurity Analyst,Telecom,Noida,2-5,Master's Degree,Contract,2025,833790.0,78,"Cybersecurity, Linux, Python, C++, Statistics, Git"
612,Data Scientist,Telecom,Hyderabad,8+,Diploma,Full-time,2025,1627206.0,71,"Python, SQL, Machine Learning, Deep Learning, Selenium, Statistics"
619,Data Scientist,IT Services,Kochi,5-8,Bachelor's Degree,Contract,2026,1215976.0,73,"Python, SQL, Machine Learning, Git, Figma, Linux"
645,AI Engineer,Consulting,Bengaluru,0-2,Diploma,Internship,2025,899786.0,83,"Python, Deep Learning, TensorFlow, Problem Solving, SQL, Spring Boot"
647,AI Engineer,IT Services,Pune,2-5,Diploma,Contract,2025,1238907.0,80,"Python, Deep Learning, TensorFlow, Spring Boot, Linux, Power BI"
654,Data Scientist,Consulting,Bengaluru,2-5,Any Degree,Contract,2025,750162.0,71,"Python, SQL, Machine Learning, TensorFlow, Git, Selenium"
695,AI Engineer,IT Services,Pune,2-5,Diploma,Internship,2026,1049699.0,70,"Python, Deep Learning, TensorFlow, AWS, Git, React"
698,Cybersecurity Analyst,Healthcare,Visakhapatnam,2-5,Master's Degree,Internship,2026,582232.0,70,"Cybersecurity, Linux, Python, Java, Machine Learning, Power BI"
715,Cloud Engineer,Consulting,Visakhapatnam,5-8,Any Degree,Internship,2025,1210261.0,74,"AWS, Linux, Docker, Statistics, Project Management, SQL"
745,Data Scientist,Consulting,Pune,2-5,Any Degree,Contract,2026,1047318.0,76,"Python, SQL, Machine Learning, Django, Azure, Kubernetes"
771,Data Analyst,Consulting,Visakhapatnam,5-8,Diploma,Full-time,2025,492149.0,70,"Excel, Python, SQL, Azure, Agile, HTML/CSS"
805,Cloud Engineer,Telecom,Noida,8+,Any Degree,Internship,2026,1659742.0,76,"AWS, Linux, Docker, React, Azure, Excel"
806,Cloud Engineer,Healthcare,Hyderabad,2-5,Master's Degree,Full-time,2025,1083171.0,78,"AWS, Linux, Docker, Python, Kubernetes, Django"
842,AI Engineer,EdTech,Pune,0-2,Master's Degree,Full-time,2024,647692.0,73,"Python, Deep Learning, TensorFlow, SQL, Figma, Project Management"
855,Cloud Engineer,FinTech,Kochi,2-5,Bachelor's Degree,Internship,2026,943178.0,77,"AWS, Linux, Docker, Power BI, Django, HTML/CSS"
876,Data Scientist,SaaS,Bengaluru,2-5,Any Degree,Contract,2025,976497.0,73,"Python, SQL, Machine Learning, Project Management, Java, Docker"
889,Data Analyst,Manufacturing,Gurugram,0-2,Bachelor's Degree,Contract,2026,256407.0,77,"Excel, Python, SQL, Figma, JavaScript, AWS"
921,Data Scientist,Manufacturing,Hyderabad,5-8,Diploma,Full-time,2026,1307554.0,81,"Python, SQL, Machine Learning, Django, Deep Learning, Linux"
927,Cloud Engineer,Banking,Bengaluru,5-8,Bachelor's Degree,Full-time,2025,1277132.0,74,"AWS, Linux, Docker, SQL, Selenium, React"
929,Cybersecurity Analyst,IT Services,Pune,5-8,Diploma,Internship,2025,920495.0,78,"Cybersecurity, Linux, Python, Azure, Selenium, Kubernetes"
937,Data Analyst,FinTech,Pune,8+,Master's Degree,Internship,2024,871278.0,72,"Excel, Python, SQL, Azure, React, Linux"
939,Cybersecurity Analyst,E-commerce,Gurugram,0-2,Any Degree,Contract,2024,425676.0,70,"Cybersecurity, Linux, Python, SQL, Django, Kubernetes"
951,Cloud Engineer,Banking,Hyderabad,5-8,Diploma,Internship,2026,1189218.0,77,"AWS, Linux, Docker, Machine Learning, Power BI, Java"
954,Cloud Engineer,IT Services,Delhi NCR,8+,Bachelor's Degree,Internship,2025,1566393.0,78,"AWS, Linux, Docker, Java, Django, JavaScript"
966,AI Engineer,Manufacturing,Gurugram,2-5,Bachelor's Degree,Full-time,2026,1086551.0,75,"Python, Deep Learning, TensorFlow, Problem Solving, Machine Learning, PyTorch"
982,AI Engineer,IT Services,Hyderabad,2-5,Bachelor's Degree,Full-time,2025,1201691.0,76,"Python, Deep Learning, TensorFlow, JavaScript, Java, Power BI"
991,AI Engineer,FinTech,Mumbai,2-5,Master's Degree,Contract,2024,1130306.0,70,"Python, Deep Learning, TensorFlow, Excel, Tableau, PyTorch"
1002,Cybersecurity Analyst,FinTech,Noida,2-5,Bachelor's Degree,Contract,2025,707713.0,73,"Cybersecurity, Linux, Python, Git, AWS, Figma"
1008,Cybersecurity Analyst,Manufacturing,Bengaluru,5-8,Bachelor's Degree,Internship,2025,927065.0,72,"Cybersecurity, Linux, Python, SQL, Machine Learning, Docker"
1020,AI Engineer,EdTech,Noida,5-8,Diploma,Internship,2024,1505821.0,70,"Python, Deep Learning, TensorFlow, Kubernetes, Figma, Tableau"
1044,AI Engineer,Healthcare,Pune,2-5,Any Degree,Full-time,2023,1082160.0,71,"Python, Deep Learning, TensorFlow, Git, Docker, Project Management"
1075,Cloud Engineer,Telecom,Pune,8+,Any Degree,Contract,2025,1645153.0,81,"AWS, Linux, Docker, Kubernetes, JavaScript, Figma"
1089,Cloud Engineer,Telecom,Visakhapatnam,8+,Any Degree,Full-time,2025,1668201.0,74,"AWS, Linux, Docker, Spring Boot, Azure, Selenium"
1091,Data Scientist,Consulting,Delhi NCR,0-2,Bachelor's Degree,Full-time,2026,782059.0,71,"Python, SQL, Machine Learning, Statistics, Figma, Agile"
1104,Data Scientist,SaaS,Gurugram,8+,Bachelor's Degree,Contract,2026,1419397.0,72,"Python, SQL, Machine Learning, React, Excel, Django"
1125,Data Analyst,IT Services,Noida,2-5,Bachelor's Degree,Full-time,2026,361157.0,73,"Excel, Python, SQL, JavaScript, Statistics"
1157,Cybersecurity Analyst,Telecom,Visakhapatnam,8+,Bachelor's Degree,Internship,2025,1175284.0,74,"Cybersecurity, Linux, Python, Kubernetes, Problem Solving, HTML/CSS"
1171,Data Analyst,EdTech,Delhi NCR,2-5,Master's Degree,Internship,2026,575105.0,75,"Excel, Python, SQL, AWS, TensorFlow, Selenium"
1183,AI Engineer,SaaS,Bengaluru,5-8,Diploma,Contract,2025,1563263.0,82,"Python, Deep Learning, TensorFlow, JavaScript, React, Project Management"
1188,Data Analyst,SaaS,Bengaluru,5-8,Master's Degree,Full-time,2023,739047.0,73,"Excel, Python, SQL, Kubernetes, Deep Learning, Linux"
