Job_Title,Average_Salary
AI Engineer,1333035.6393442622
Product Manager,1310940.8
Machine Learning Engineer,1267866.611111111
DevOps Engineer,1212574.1587301588
Cloud Engineer,1163622.5333333334
Project Manager,1154593.2857142857
Data Scientist,1144400.7857142857
Cybersecurity Analyst,909109.5423728813
BI Developer,898439.7777777778
Software Developer,854058.8448275862
Network Engineer,841576.2
Python Developer,834402.661971831
Java Developer,823054.59375
Mobile App Developer,795647.0892857143
Database Administrator,751830.5084745763
Web Developer,641958.5185185185
QA Engineer,638495.5423728813
Business Analyst,598660.0307692308
Data Analyst,575240.0
UI/UX Designer,553699.768115942
