Skill,Job_Count
Python,564
SQL,505
Linux,345
Excel,301
Java,284
Machine Learning,257
Power BI,242
Communication,238
Agile,232
Docker,230
AWS,229
TensorFlow,223
Spring Boot,212
Figma,207
Deep Learning,204
Django,202
React,195
Selenium,191
Git,190
Project Management,188
HTML/CSS,187
Kubernetes,182
JavaScript,180
Statistics,147
Tableau,135
Problem Solving,132
PyTorch,132
C++,121
Azure,112
UI/UX,71
Product Management,71
Adobe XD,71
Cisco,61
Networking,61
Cybersecurity,60
Oracle,59
Firebase,57
Flutter,57
Dart,57
